{
  "sources": [
    {
      "type": "minecraft:paletted_permutations",
      "palette_key": "minecraft:trims/color_palettes/trim_palette",
      "permutations": {
        "quartz": "trims/color_palettes/quartz",
        "iron": "trims/color_palettes/iron",
        "gold": "trims/color_palettes/gold",
        "diamond": "trims/color_palettes/diamond",
        "netherite": "trims/color_palettes/netherite",
        "redstone": "trims/color_palettes/redstone",
        "copper": "trims/color_palettes/copper",
        "emerald": "trims/color_palettes/emerald",
        "lapis": "trims/color_palettes/lapis",
        "amethyst": "trims/color_palettes/amethyst",
        "copper_darker": "trims/color_palettes/copper_darker",
        "resin": "trims/color_palettes/resin",
        "iron_darker": "trims/color_palettes/iron_darker",
        "gold_darker": "trims/color_palettes/gold_darker",
        "diamond_darker": "trims/color_palettes/diamond_darker",
        "netherite_darker": "trims/color_palettes/netherite_darker"
      },
      "textures": [
        "trims/items/sword/bolt",
        "trims/items/sword/coast",
        "trims/items/sword/shaper",
        "trims/items/sword/rib",
        "trims/items/sword/eye",
        "trims/items/sword/flow",
        "trims/items/sword/snout",
        "trims/items/sword/tide",
        "trims/items/sword/dune",
        "trims/items/sword/spire",
        "trims/items/sword/wild",
        "trims/items/sword/host",
        "trims/items/sword/sentry",
        "trims/items/sword/wayfinder",
        "trims/items/sword/vex",
        "trims/items/sword/raiser",
        "trims/items/sword/silence",
        "trims/items/sword/ward",
        "trims/items/axe/bolt",
        "trims/items/axe/coast",
        "trims/items/axe/shaper",
        "trims/items/axe/rib",
        "trims/items/axe/eye",
        "trims/items/axe/flow",
        "trims/items/axe/snout",
        "trims/items/axe/tide",
        "trims/items/axe/dune",
        "trims/items/axe/spire",
        "trims/items/axe/wild",
        "trims/items/axe/host",
        "trims/items/axe/sentry",
        "trims/items/axe/wayfinder",
        "trims/items/axe/vex",
        "trims/items/axe/raiser",
        "trims/items/axe/silence",
        "trims/items/axe/ward",
        "trims/items/pickaxe/bolt",
        "trims/items/pickaxe/coast",
        "trims/items/pickaxe/shaper",
        "trims/items/pickaxe/rib",
        "trims/items/pickaxe/eye",
        "trims/items/pickaxe/flow",
        "trims/items/pickaxe/snout",
        "trims/items/pickaxe/tide",
        "trims/items/pickaxe/dune",
        "trims/items/pickaxe/spire",
        "trims/items/pickaxe/wild",
        "trims/items/pickaxe/host",
        "trims/items/pickaxe/sentry",
        "trims/items/pickaxe/wayfinder",
        "trims/items/pickaxe/vex",
        "trims/items/pickaxe/raiser",
        "trims/items/pickaxe/silence",
        "trims/items/pickaxe/ward",
        "trims/items/hoe/bolt",
        "trims/items/hoe/coast",
        "trims/items/hoe/shaper",
        "trims/items/hoe/rib",
        "trims/items/hoe/eye",
        "trims/items/hoe/flow",
        "trims/items/hoe/snout",
        "trims/items/hoe/tide",
        "trims/items/hoe/dune",
        "trims/items/hoe/spire",
        "trims/items/hoe/wild",
        "trims/items/hoe/host",
        "trims/items/hoe/sentry",
        "trims/items/hoe/wayfinder",
        "trims/items/hoe/vex",
        "trims/items/hoe/raiser",
        "trims/items/hoe/silence",
        "trims/items/hoe/ward",
        "trims/items/shovel/bolt",
        "trims/items/shovel/coast",
        "trims/items/shovel/shaper",
        "trims/items/shovel/rib",
        "trims/items/shovel/eye",
        "trims/items/shovel/flow",
        "trims/items/shovel/snout",
        "trims/items/shovel/tide",
        "trims/items/shovel/dune",
        "trims/items/shovel/spire",
        "trims/items/shovel/wild",
        "trims/items/shovel/host",
        "trims/items/shovel/sentry",
        "trims/items/shovel/wayfinder",
        "trims/items/shovel/vex",
        "trims/items/shovel/raiser",
        "trims/items/shovel/silence",
        "trims/items/shovel/ward",
        "trims/items/spear/bolt",
        "trims/items/spear/coast",
        "trims/items/spear/shaper",
        "trims/items/spear/rib",
        "trims/items/spear/eye",
        "trims/items/spear/flow",
        "trims/items/spear/snout",
        "trims/items/spear/tide",
        "trims/items/spear/dune",
        "trims/items/spear/spire",
        "trims/items/spear/wild",
        "trims/items/spear/host",
        "trims/items/spear/sentry",
        "trims/items/spear/wayfinder",
        "trims/items/spear/vex",
        "trims/items/spear/raiser",
        "trims/items/spear/silence",
        "trims/items/spear/ward",
        "trims/items/spear_in_hand/bolt",
        "trims/items/spear_in_hand/coast",
        "trims/items/spear_in_hand/shaper",
        "trims/items/spear_in_hand/rib",
        "trims/items/spear_in_hand/eye",
        "trims/items/spear_in_hand/flow",
        "trims/items/spear_in_hand/snout",
        "trims/items/spear_in_hand/tide",
        "trims/items/spear_in_hand/dune",
        "trims/items/spear_in_hand/spire",
        "trims/items/spear_in_hand/wild",
        "trims/items/spear_in_hand/host",
        "trims/items/spear_in_hand/sentry",
        "trims/items/spear_in_hand/wayfinder",
        "trims/items/spear_in_hand/vex",
        "trims/items/spear_in_hand/raiser",
        "trims/items/spear_in_hand/silence",
        "trims/items/spear_in_hand/ward"
      ]
    }
  ]
}