{
  "model": {
    "type": "minecraft:select",
    "cases": [
      {
        "when": {
          "pattern": "sentry",
          "material": "redstone"
        },
        "model": {
          "type": "minecraft:model",
          "model": "minecraft:item/hoe/copper/sentry/redstone"
        }
      },
      {
        "when": {
          "pattern": "vex",
          "material": "redstone"
        },
        "model": {
          "type": "minecraft:model",
          "model": "minecraft:item/hoe/copper/vex/redstone"
        }
      },
      {
        "when": {
          "pattern": "wild",
          "material": "redstone"
        },
        "model": {
          "type": "minecraft:model",
          "model": "minecraft:item/hoe/copper/wild/redstone"
        }
      },
      {
        "when": {
          "pattern": "coast",
          "material": "redstone"
        },
        "model": {
          "type": "minecraft:model",
          "model": "minecraft:item/hoe/copper/coast/redstone"
        }
      },
      {
        "when": {
          "pattern": "dune",
          "material": "redstone"
        },
        "model": {
          "type": "minecraft:model",
          "model": "minecraft:item/hoe/copper/dune/redstone"
        }
      },
      {
        "when": {
          "pattern": "wayfinder",
          "material": "redstone"
        },
        "model": {
          "type": "minecraft:model",
          "model": "minecraft:item/hoe/copper/wayfinder/redstone"
        }
      },
      {
        "when": {
          "pattern": "raiser",
          "material": "redstone"
        },
        "model": {
          "type": "minecraft:model",
          "model": "minecraft:item/hoe/copper/raiser/redstone"
        }
      },
      {
        "when": {
          "pattern": "shaper",
          "material": "redstone"
        },
        "model": {
          "type": "minecraft:model",
          "model": "minecraft:item/hoe/copper/shaper/redstone"
        }
      },
      {
        "when": {
          "pattern": "host",
          "material": "redstone"
        },
        "model": {
          "type": "minecraft:model",
          "model": "minecraft:item/hoe/copper/host/redstone"
        }
      },
      {
        "when": {
          "pattern": "ward",
          "material": "redstone"
        },
        "model": {
          "type": "minecraft:model",
          "model": "minecraft:item/hoe/copper/ward/redstone"
        }
      },
      {
        "when": {
          "pattern": "silence",
          "material": "redstone"
        },
        "model": {
          "type": "minecraft:model",
          "model": "minecraft:item/hoe/copper/silence/redstone"
        }
      },
      {
        "when": {
          "pattern": "tide",
          "material": "redstone"
        },
        "model": {
          "type": "minecraft:model",
          "model": "minecraft:item/hoe/copper/tide/redstone"
        }
      },
      {
        "when": {
          "pattern": "snout",
          "material": "redstone"
        },
        "model": {
          "type": "minecraft:model",
          "model": "minecraft:item/hoe/copper/snout/redstone"
        }
      },
      {
        "when": {
          "pattern": "rib",
          "material": "redstone"
        },
        "model": {
          "type": "minecraft:model",
          "model": "minecraft:item/hoe/copper/rib/redstone"
        }
      },
      {
        "when": {
          "pattern": "eye",
          "material": "redstone"
        },
        "model": {
          "type": "minecraft:model",
          "model": "minecraft:item/hoe/copper/eye/redstone"
        }
      },
      {
        "when": {
          "pattern": "spire",
          "material": "redstone"
        },
        "model": {
          "type": "minecraft:model",
          "model": "minecraft:item/hoe/copper/spire/redstone"
        }
      },
      {
        "when": {
          "pattern": "bolt",
          "material": "redstone"
        },
        "model": {
          "type": "minecraft:model",
          "model": "minecraft:item/hoe/copper/bolt/redstone"
        }
      },
      {
        "when": {
          "pattern": "flow",
          "material": "redstone"
        },
        "model": {
          "type": "minecraft:model",
          "model": "minecraft:item/hoe/copper/flow/redstone"
        }
      },
      {
        "when": {
          "pattern": "sentry",
          "material": "copper"
        },
        "model": {
          "type": "minecraft:model",
          "model": "minecraft:item/hoe/copper/sentry/copper"
        }
      },
      {
        "when": {
          "pattern": "vex",
          "material": "copper"
        },
        "model": {
          "type": "minecraft:model",
          "model": "minecraft:item/hoe/copper/vex/copper"
        }
      },
      {
        "when": {
          "pattern": "wild",
          "material": "copper"
        },
        "model": {
          "type": "minecraft:model",
          "model": "minecraft:item/hoe/copper/wild/copper"
        }
      },
      {
        "when": {
          "pattern": "coast",
          "material": "copper"
        },
        "model": {
          "type": "minecraft:model",
          "model": "minecraft:item/hoe/copper/coast/copper"
        }
      },
      {
        "when": {
          "pattern": "dune",
          "material": "copper"
        },
        "model": {
          "type": "minecraft:model",
          "model": "minecraft:item/hoe/copper/dune/copper"
        }
      },
      {
        "when": {
          "pattern": "wayfinder",
          "material": "copper"
        },
        "model": {
          "type": "minecraft:model",
          "model": "minecraft:item/hoe/copper/wayfinder/copper"
        }
      },
      {
        "when": {
          "pattern": "raiser",
          "material": "copper"
        },
        "model": {
          "type": "minecraft:model",
          "model": "minecraft:item/hoe/copper/raiser/copper"
        }
      },
      {
        "when": {
          "pattern": "shaper",
          "material": "copper"
        },
        "model": {
          "type": "minecraft:model",
          "model": "minecraft:item/hoe/copper/shaper/copper"
        }
      },
      {
        "when": {
          "pattern": "host",
          "material": "copper"
        },
        "model": {
          "type": "minecraft:model",
          "model": "minecraft:item/hoe/copper/host/copper"
        }
      },
      {
        "when": {
          "pattern": "ward",
          "material": "copper"
        },
        "model": {
          "type": "minecraft:model",
          "model": "minecraft:item/hoe/copper/ward/copper"
        }
      },
      {
        "when": {
          "pattern": "silence",
          "material": "copper"
        },
        "model": {
          "type": "minecraft:model",
          "model": "minecraft:item/hoe/copper/silence/copper"
        }
      },
      {
        "when": {
          "pattern": "tide",
          "material": "copper"
        },
        "model": {
          "type": "minecraft:model",
          "model": "minecraft:item/hoe/copper/tide/copper"
        }
      },
      {
        "when": {
          "pattern": "snout",
          "material": "copper"
        },
        "model": {
          "type": "minecraft:model",
          "model": "minecraft:item/hoe/copper/snout/copper"
        }
      },
      {
        "when": {
          "pattern": "rib",
          "material": "copper"
        },
        "model": {
          "type": "minecraft:model",
          "model": "minecraft:item/hoe/copper/rib/copper"
        }
      },
      {
        "when": {
          "pattern": "eye",
          "material": "copper"
        },
        "model": {
          "type": "minecraft:model",
          "model": "minecraft:item/hoe/copper/eye/copper"
        }
      },
      {
        "when": {
          "pattern": "spire",
          "material": "copper"
        },
        "model": {
          "type": "minecraft:model",
          "model": "minecraft:item/hoe/copper/spire/copper"
        }
      },
      {
        "when": {
          "pattern": "bolt",
          "material": "copper"
        },
        "model": {
          "type": "minecraft:model",
          "model": "minecraft:item/hoe/copper/bolt/copper"
        }
      },
      {
        "when": {
          "pattern": "flow",
          "material": "copper"
        },
        "model": {
          "type": "minecraft:model",
          "model": "minecraft:item/hoe/copper/flow/copper"
        }
      },
      {
        "when": {
          "pattern": "sentry",
          "material": "gold"
        },
        "model": {
          "type": "minecraft:model",
          "model": "minecraft:item/hoe/copper/sentry/gold"
        }
      },
      {
        "when": {
          "pattern": "vex",
          "material": "gold"
        },
        "model": {
          "type": "minecraft:model",
          "model": "minecraft:item/hoe/copper/vex/gold"
        }
      },
      {
        "when": {
          "pattern": "wild",
          "material": "gold"
        },
        "model": {
          "type": "minecraft:model",
          "model": "minecraft:item/hoe/copper/wild/gold"
        }
      },
      {
        "when": {
          "pattern": "coast",
          "material": "gold"
        },
        "model": {
          "type": "minecraft:model",
          "model": "minecraft:item/hoe/copper/coast/gold"
        }
      },
      {
        "when": {
          "pattern": "dune",
          "material": "gold"
        },
        "model": {
          "type": "minecraft:model",
          "model": "minecraft:item/hoe/copper/dune/gold"
        }
      },
      {
        "when": {
          "pattern": "wayfinder",
          "material": "gold"
        },
        "model": {
          "type": "minecraft:model",
          "model": "minecraft:item/hoe/copper/wayfinder/gold"
        }
      },
      {
        "when": {
          "pattern": "raiser",
          "material": "gold"
        },
        "model": {
          "type": "minecraft:model",
          "model": "minecraft:item/hoe/copper/raiser/gold"
        }
      },
      {
        "when": {
          "pattern": "shaper",
          "material": "gold"
        },
        "model": {
          "type": "minecraft:model",
          "model": "minecraft:item/hoe/copper/shaper/gold"
        }
      },
      {
        "when": {
          "pattern": "host",
          "material": "gold"
        },
        "model": {
          "type": "minecraft:model",
          "model": "minecraft:item/hoe/copper/host/gold"
        }
      },
      {
        "when": {
          "pattern": "ward",
          "material": "gold"
        },
        "model": {
          "type": "minecraft:model",
          "model": "minecraft:item/hoe/copper/ward/gold"
        }
      },
      {
        "when": {
          "pattern": "silence",
          "material": "gold"
        },
        "model": {
          "type": "minecraft:model",
          "model": "minecraft:item/hoe/copper/silence/gold"
        }
      },
      {
        "when": {
          "pattern": "tide",
          "material": "gold"
        },
        "model": {
          "type": "minecraft:model",
          "model": "minecraft:item/hoe/copper/tide/gold"
        }
      },
      {
        "when": {
          "pattern": "snout",
          "material": "gold"
        },
        "model": {
          "type": "minecraft:model",
          "model": "minecraft:item/hoe/copper/snout/gold"
        }
      },
      {
        "when": {
          "pattern": "rib",
          "material": "gold"
        },
        "model": {
          "type": "minecraft:model",
          "model": "minecraft:item/hoe/copper/rib/gold"
        }
      },
      {
        "when": {
          "pattern": "eye",
          "material": "gold"
        },
        "model": {
          "type": "minecraft:model",
          "model": "minecraft:item/hoe/copper/eye/gold"
        }
      },
      {
        "when": {
          "pattern": "spire",
          "material": "gold"
        },
        "model": {
          "type": "minecraft:model",
          "model": "minecraft:item/hoe/copper/spire/gold"
        }
      },
      {
        "when": {
          "pattern": "bolt",
          "material": "gold"
        },
        "model": {
          "type": "minecraft:model",
          "model": "minecraft:item/hoe/copper/bolt/gold"
        }
      },
      {
        "when": {
          "pattern": "flow",
          "material": "gold"
        },
        "model": {
          "type": "minecraft:model",
          "model": "minecraft:item/hoe/copper/flow/gold"
        }
      },
      {
        "when": {
          "pattern": "sentry",
          "material": "emerald"
        },
        "model": {
          "type": "minecraft:model",
          "model": "minecraft:item/hoe/copper/sentry/emerald"
        }
      },
      {
        "when": {
          "pattern": "vex",
          "material": "emerald"
        },
        "model": {
          "type": "minecraft:model",
          "model": "minecraft:item/hoe/copper/vex/emerald"
        }
      },
      {
        "when": {
          "pattern": "wild",
          "material": "emerald"
        },
        "model": {
          "type": "minecraft:model",
          "model": "minecraft:item/hoe/copper/wild/emerald"
        }
      },
      {
        "when": {
          "pattern": "coast",
          "material": "emerald"
        },
        "model": {
          "type": "minecraft:model",
          "model": "minecraft:item/hoe/copper/coast/emerald"
        }
      },
      {
        "when": {
          "pattern": "dune",
          "material": "emerald"
        },
        "model": {
          "type": "minecraft:model",
          "model": "minecraft:item/hoe/copper/dune/emerald"
        }
      },
      {
        "when": {
          "pattern": "wayfinder",
          "material": "emerald"
        },
        "model": {
          "type": "minecraft:model",
          "model": "minecraft:item/hoe/copper/wayfinder/emerald"
        }
      },
      {
        "when": {
          "pattern": "raiser",
          "material": "emerald"
        },
        "model": {
          "type": "minecraft:model",
          "model": "minecraft:item/hoe/copper/raiser/emerald"
        }
      },
      {
        "when": {
          "pattern": "shaper",
          "material": "emerald"
        },
        "model": {
          "type": "minecraft:model",
          "model": "minecraft:item/hoe/copper/shaper/emerald"
        }
      },
      {
        "when": {
          "pattern": "host",
          "material": "emerald"
        },
        "model": {
          "type": "minecraft:model",
          "model": "minecraft:item/hoe/copper/host/emerald"
        }
      },
      {
        "when": {
          "pattern": "ward",
          "material": "emerald"
        },
        "model": {
          "type": "minecraft:model",
          "model": "minecraft:item/hoe/copper/ward/emerald"
        }
      },
      {
        "when": {
          "pattern": "silence",
          "material": "emerald"
        },
        "model": {
          "type": "minecraft:model",
          "model": "minecraft:item/hoe/copper/silence/emerald"
        }
      },
      {
        "when": {
          "pattern": "tide",
          "material": "emerald"
        },
        "model": {
          "type": "minecraft:model",
          "model": "minecraft:item/hoe/copper/tide/emerald"
        }
      },
      {
        "when": {
          "pattern": "snout",
          "material": "emerald"
        },
        "model": {
          "type": "minecraft:model",
          "model": "minecraft:item/hoe/copper/snout/emerald"
        }
      },
      {
        "when": {
          "pattern": "rib",
          "material": "emerald"
        },
        "model": {
          "type": "minecraft:model",
          "model": "minecraft:item/hoe/copper/rib/emerald"
        }
      },
      {
        "when": {
          "pattern": "eye",
          "material": "emerald"
        },
        "model": {
          "type": "minecraft:model",
          "model": "minecraft:item/hoe/copper/eye/emerald"
        }
      },
      {
        "when": {
          "pattern": "spire",
          "material": "emerald"
        },
        "model": {
          "type": "minecraft:model",
          "model": "minecraft:item/hoe/copper/spire/emerald"
        }
      },
      {
        "when": {
          "pattern": "bolt",
          "material": "emerald"
        },
        "model": {
          "type": "minecraft:model",
          "model": "minecraft:item/hoe/copper/bolt/emerald"
        }
      },
      {
        "when": {
          "pattern": "flow",
          "material": "emerald"
        },
        "model": {
          "type": "minecraft:model",
          "model": "minecraft:item/hoe/copper/flow/emerald"
        }
      },
      {
        "when": {
          "pattern": "sentry",
          "material": "diamond"
        },
        "model": {
          "type": "minecraft:model",
          "model": "minecraft:item/hoe/copper/sentry/diamond"
        }
      },
      {
        "when": {
          "pattern": "vex",
          "material": "diamond"
        },
        "model": {
          "type": "minecraft:model",
          "model": "minecraft:item/hoe/copper/vex/diamond"
        }
      },
      {
        "when": {
          "pattern": "wild",
          "material": "diamond"
        },
        "model": {
          "type": "minecraft:model",
          "model": "minecraft:item/hoe/copper/wild/diamond"
        }
      },
      {
        "when": {
          "pattern": "coast",
          "material": "diamond"
        },
        "model": {
          "type": "minecraft:model",
          "model": "minecraft:item/hoe/copper/coast/diamond"
        }
      },
      {
        "when": {
          "pattern": "dune",
          "material": "diamond"
        },
        "model": {
          "type": "minecraft:model",
          "model": "minecraft:item/hoe/copper/dune/diamond"
        }
      },
      {
        "when": {
          "pattern": "wayfinder",
          "material": "diamond"
        },
        "model": {
          "type": "minecraft:model",
          "model": "minecraft:item/hoe/copper/wayfinder/diamond"
        }
      },
      {
        "when": {
          "pattern": "raiser",
          "material": "diamond"
        },
        "model": {
          "type": "minecraft:model",
          "model": "minecraft:item/hoe/copper/raiser/diamond"
        }
      },
      {
        "when": {
          "pattern": "shaper",
          "material": "diamond"
        },
        "model": {
          "type": "minecraft:model",
          "model": "minecraft:item/hoe/copper/shaper/diamond"
        }
      },
      {
        "when": {
          "pattern": "host",
          "material": "diamond"
        },
        "model": {
          "type": "minecraft:model",
          "model": "minecraft:item/hoe/copper/host/diamond"
        }
      },
      {
        "when": {
          "pattern": "ward",
          "material": "diamond"
        },
        "model": {
          "type": "minecraft:model",
          "model": "minecraft:item/hoe/copper/ward/diamond"
        }
      },
      {
        "when": {
          "pattern": "silence",
          "material": "diamond"
        },
        "model": {
          "type": "minecraft:model",
          "model": "minecraft:item/hoe/copper/silence/diamond"
        }
      },
      {
        "when": {
          "pattern": "tide",
          "material": "diamond"
        },
        "model": {
          "type": "minecraft:model",
          "model": "minecraft:item/hoe/copper/tide/diamond"
        }
      },
      {
        "when": {
          "pattern": "snout",
          "material": "diamond"
        },
        "model": {
          "type": "minecraft:model",
          "model": "minecraft:item/hoe/copper/snout/diamond"
        }
      },
      {
        "when": {
          "pattern": "rib",
          "material": "diamond"
        },
        "model": {
          "type": "minecraft:model",
          "model": "minecraft:item/hoe/copper/rib/diamond"
        }
      },
      {
        "when": {
          "pattern": "eye",
          "material": "diamond"
        },
        "model": {
          "type": "minecraft:model",
          "model": "minecraft:item/hoe/copper/eye/diamond"
        }
      },
      {
        "when": {
          "pattern": "spire",
          "material": "diamond"
        },
        "model": {
          "type": "minecraft:model",
          "model": "minecraft:item/hoe/copper/spire/diamond"
        }
      },
      {
        "when": {
          "pattern": "bolt",
          "material": "diamond"
        },
        "model": {
          "type": "minecraft:model",
          "model": "minecraft:item/hoe/copper/bolt/diamond"
        }
      },
      {
        "when": {
          "pattern": "flow",
          "material": "diamond"
        },
        "model": {
          "type": "minecraft:model",
          "model": "minecraft:item/hoe/copper/flow/diamond"
        }
      },
      {
        "when": {
          "pattern": "sentry",
          "material": "lapis"
        },
        "model": {
          "type": "minecraft:model",
          "model": "minecraft:item/hoe/copper/sentry/lapis"
        }
      },
      {
        "when": {
          "pattern": "vex",
          "material": "lapis"
        },
        "model": {
          "type": "minecraft:model",
          "model": "minecraft:item/hoe/copper/vex/lapis"
        }
      },
      {
        "when": {
          "pattern": "wild",
          "material": "lapis"
        },
        "model": {
          "type": "minecraft:model",
          "model": "minecraft:item/hoe/copper/wild/lapis"
        }
      },
      {
        "when": {
          "pattern": "coast",
          "material": "lapis"
        },
        "model": {
          "type": "minecraft:model",
          "model": "minecraft:item/hoe/copper/coast/lapis"
        }
      },
      {
        "when": {
          "pattern": "dune",
          "material": "lapis"
        },
        "model": {
          "type": "minecraft:model",
          "model": "minecraft:item/hoe/copper/dune/lapis"
        }
      },
      {
        "when": {
          "pattern": "wayfinder",
          "material": "lapis"
        },
        "model": {
          "type": "minecraft:model",
          "model": "minecraft:item/hoe/copper/wayfinder/lapis"
        }
      },
      {
        "when": {
          "pattern": "raiser",
          "material": "lapis"
        },
        "model": {
          "type": "minecraft:model",
          "model": "minecraft:item/hoe/copper/raiser/lapis"
        }
      },
      {
        "when": {
          "pattern": "shaper",
          "material": "lapis"
        },
        "model": {
          "type": "minecraft:model",
          "model": "minecraft:item/hoe/copper/shaper/lapis"
        }
      },
      {
        "when": {
          "pattern": "host",
          "material": "lapis"
        },
        "model": {
          "type": "minecraft:model",
          "model": "minecraft:item/hoe/copper/host/lapis"
        }
      },
      {
        "when": {
          "pattern": "ward",
          "material": "lapis"
        },
        "model": {
          "type": "minecraft:model",
          "model": "minecraft:item/hoe/copper/ward/lapis"
        }
      },
      {
        "when": {
          "pattern": "silence",
          "material": "lapis"
        },
        "model": {
          "type": "minecraft:model",
          "model": "minecraft:item/hoe/copper/silence/lapis"
        }
      },
      {
        "when": {
          "pattern": "tide",
          "material": "lapis"
        },
        "model": {
          "type": "minecraft:model",
          "model": "minecraft:item/hoe/copper/tide/lapis"
        }
      },
      {
        "when": {
          "pattern": "snout",
          "material": "lapis"
        },
        "model": {
          "type": "minecraft:model",
          "model": "minecraft:item/hoe/copper/snout/lapis"
        }
      },
      {
        "when": {
          "pattern": "rib",
          "material": "lapis"
        },
        "model": {
          "type": "minecraft:model",
          "model": "minecraft:item/hoe/copper/rib/lapis"
        }
      },
      {
        "when": {
          "pattern": "eye",
          "material": "lapis"
        },
        "model": {
          "type": "minecraft:model",
          "model": "minecraft:item/hoe/copper/eye/lapis"
        }
      },
      {
        "when": {
          "pattern": "spire",
          "material": "lapis"
        },
        "model": {
          "type": "minecraft:model",
          "model": "minecraft:item/hoe/copper/spire/lapis"
        }
      },
      {
        "when": {
          "pattern": "bolt",
          "material": "lapis"
        },
        "model": {
          "type": "minecraft:model",
          "model": "minecraft:item/hoe/copper/bolt/lapis"
        }
      },
      {
        "when": {
          "pattern": "flow",
          "material": "lapis"
        },
        "model": {
          "type": "minecraft:model",
          "model": "minecraft:item/hoe/copper/flow/lapis"
        }
      },
      {
        "when": {
          "pattern": "sentry",
          "material": "amethyst"
        },
        "model": {
          "type": "minecraft:model",
          "model": "minecraft:item/hoe/copper/sentry/amethyst"
        }
      },
      {
        "when": {
          "pattern": "vex",
          "material": "amethyst"
        },
        "model": {
          "type": "minecraft:model",
          "model": "minecraft:item/hoe/copper/vex/amethyst"
        }
      },
      {
        "when": {
          "pattern": "wild",
          "material": "amethyst"
        },
        "model": {
          "type": "minecraft:model",
          "model": "minecraft:item/hoe/copper/wild/amethyst"
        }
      },
      {
        "when": {
          "pattern": "coast",
          "material": "amethyst"
        },
        "model": {
          "type": "minecraft:model",
          "model": "minecraft:item/hoe/copper/coast/amethyst"
        }
      },
      {
        "when": {
          "pattern": "dune",
          "material": "amethyst"
        },
        "model": {
          "type": "minecraft:model",
          "model": "minecraft:item/hoe/copper/dune/amethyst"
        }
      },
      {
        "when": {
          "pattern": "wayfinder",
          "material": "amethyst"
        },
        "model": {
          "type": "minecraft:model",
          "model": "minecraft:item/hoe/copper/wayfinder/amethyst"
        }
      },
      {
        "when": {
          "pattern": "raiser",
          "material": "amethyst"
        },
        "model": {
          "type": "minecraft:model",
          "model": "minecraft:item/hoe/copper/raiser/amethyst"
        }
      },
      {
        "when": {
          "pattern": "shaper",
          "material": "amethyst"
        },
        "model": {
          "type": "minecraft:model",
          "model": "minecraft:item/hoe/copper/shaper/amethyst"
        }
      },
      {
        "when": {
          "pattern": "host",
          "material": "amethyst"
        },
        "model": {
          "type": "minecraft:model",
          "model": "minecraft:item/hoe/copper/host/amethyst"
        }
      },
      {
        "when": {
          "pattern": "ward",
          "material": "amethyst"
        },
        "model": {
          "type": "minecraft:model",
          "model": "minecraft:item/hoe/copper/ward/amethyst"
        }
      },
      {
        "when": {
          "pattern": "silence",
          "material": "amethyst"
        },
        "model": {
          "type": "minecraft:model",
          "model": "minecraft:item/hoe/copper/silence/amethyst"
        }
      },
      {
        "when": {
          "pattern": "tide",
          "material": "amethyst"
        },
        "model": {
          "type": "minecraft:model",
          "model": "minecraft:item/hoe/copper/tide/amethyst"
        }
      },
      {
        "when": {
          "pattern": "snout",
          "material": "amethyst"
        },
        "model": {
          "type": "minecraft:model",
          "model": "minecraft:item/hoe/copper/snout/amethyst"
        }
      },
      {
        "when": {
          "pattern": "rib",
          "material": "amethyst"
        },
        "model": {
          "type": "minecraft:model",
          "model": "minecraft:item/hoe/copper/rib/amethyst"
        }
      },
      {
        "when": {
          "pattern": "eye",
          "material": "amethyst"
        },
        "model": {
          "type": "minecraft:model",
          "model": "minecraft:item/hoe/copper/eye/amethyst"
        }
      },
      {
        "when": {
          "pattern": "spire",
          "material": "amethyst"
        },
        "model": {
          "type": "minecraft:model",
          "model": "minecraft:item/hoe/copper/spire/amethyst"
        }
      },
      {
        "when": {
          "pattern": "bolt",
          "material": "amethyst"
        },
        "model": {
          "type": "minecraft:model",
          "model": "minecraft:item/hoe/copper/bolt/amethyst"
        }
      },
      {
        "when": {
          "pattern": "flow",
          "material": "amethyst"
        },
        "model": {
          "type": "minecraft:model",
          "model": "minecraft:item/hoe/copper/flow/amethyst"
        }
      },
      {
        "when": {
          "pattern": "sentry",
          "material": "quartz"
        },
        "model": {
          "type": "minecraft:model",
          "model": "minecraft:item/hoe/copper/sentry/quartz"
        }
      },
      {
        "when": {
          "pattern": "vex",
          "material": "quartz"
        },
        "model": {
          "type": "minecraft:model",
          "model": "minecraft:item/hoe/copper/vex/quartz"
        }
      },
      {
        "when": {
          "pattern": "wild",
          "material": "quartz"
        },
        "model": {
          "type": "minecraft:model",
          "model": "minecraft:item/hoe/copper/wild/quartz"
        }
      },
      {
        "when": {
          "pattern": "coast",
          "material": "quartz"
        },
        "model": {
          "type": "minecraft:model",
          "model": "minecraft:item/hoe/copper/coast/quartz"
        }
      },
      {
        "when": {
          "pattern": "dune",
          "material": "quartz"
        },
        "model": {
          "type": "minecraft:model",
          "model": "minecraft:item/hoe/copper/dune/quartz"
        }
      },
      {
        "when": {
          "pattern": "wayfinder",
          "material": "quartz"
        },
        "model": {
          "type": "minecraft:model",
          "model": "minecraft:item/hoe/copper/wayfinder/quartz"
        }
      },
      {
        "when": {
          "pattern": "raiser",
          "material": "quartz"
        },
        "model": {
          "type": "minecraft:model",
          "model": "minecraft:item/hoe/copper/raiser/quartz"
        }
      },
      {
        "when": {
          "pattern": "shaper",
          "material": "quartz"
        },
        "model": {
          "type": "minecraft:model",
          "model": "minecraft:item/hoe/copper/shaper/quartz"
        }
      },
      {
        "when": {
          "pattern": "host",
          "material": "quartz"
        },
        "model": {
          "type": "minecraft:model",
          "model": "minecraft:item/hoe/copper/host/quartz"
        }
      },
      {
        "when": {
          "pattern": "ward",
          "material": "quartz"
        },
        "model": {
          "type": "minecraft:model",
          "model": "minecraft:item/hoe/copper/ward/quartz"
        }
      },
      {
        "when": {
          "pattern": "silence",
          "material": "quartz"
        },
        "model": {
          "type": "minecraft:model",
          "model": "minecraft:item/hoe/copper/silence/quartz"
        }
      },
      {
        "when": {
          "pattern": "tide",
          "material": "quartz"
        },
        "model": {
          "type": "minecraft:model",
          "model": "minecraft:item/hoe/copper/tide/quartz"
        }
      },
      {
        "when": {
          "pattern": "snout",
          "material": "quartz"
        },
        "model": {
          "type": "minecraft:model",
          "model": "minecraft:item/hoe/copper/snout/quartz"
        }
      },
      {
        "when": {
          "pattern": "rib",
          "material": "quartz"
        },
        "model": {
          "type": "minecraft:model",
          "model": "minecraft:item/hoe/copper/rib/quartz"
        }
      },
      {
        "when": {
          "pattern": "eye",
          "material": "quartz"
        },
        "model": {
          "type": "minecraft:model",
          "model": "minecraft:item/hoe/copper/eye/quartz"
        }
      },
      {
        "when": {
          "pattern": "spire",
          "material": "quartz"
        },
        "model": {
          "type": "minecraft:model",
          "model": "minecraft:item/hoe/copper/spire/quartz"
        }
      },
      {
        "when": {
          "pattern": "bolt",
          "material": "quartz"
        },
        "model": {
          "type": "minecraft:model",
          "model": "minecraft:item/hoe/copper/bolt/quartz"
        }
      },
      {
        "when": {
          "pattern": "flow",
          "material": "quartz"
        },
        "model": {
          "type": "minecraft:model",
          "model": "minecraft:item/hoe/copper/flow/quartz"
        }
      },
      {
        "when": {
          "pattern": "sentry",
          "material": "iron"
        },
        "model": {
          "type": "minecraft:model",
          "model": "minecraft:item/hoe/copper/sentry/iron"
        }
      },
      {
        "when": {
          "pattern": "vex",
          "material": "iron"
        },
        "model": {
          "type": "minecraft:model",
          "model": "minecraft:item/hoe/copper/vex/iron"
        }
      },
      {
        "when": {
          "pattern": "wild",
          "material": "iron"
        },
        "model": {
          "type": "minecraft:model",
          "model": "minecraft:item/hoe/copper/wild/iron"
        }
      },
      {
        "when": {
          "pattern": "coast",
          "material": "iron"
        },
        "model": {
          "type": "minecraft:model",
          "model": "minecraft:item/hoe/copper/coast/iron"
        }
      },
      {
        "when": {
          "pattern": "dune",
          "material": "iron"
        },
        "model": {
          "type": "minecraft:model",
          "model": "minecraft:item/hoe/copper/dune/iron"
        }
      },
      {
        "when": {
          "pattern": "wayfinder",
          "material": "iron"
        },
        "model": {
          "type": "minecraft:model",
          "model": "minecraft:item/hoe/copper/wayfinder/iron"
        }
      },
      {
        "when": {
          "pattern": "raiser",
          "material": "iron"
        },
        "model": {
          "type": "minecraft:model",
          "model": "minecraft:item/hoe/copper/raiser/iron"
        }
      },
      {
        "when": {
          "pattern": "shaper",
          "material": "iron"
        },
        "model": {
          "type": "minecraft:model",
          "model": "minecraft:item/hoe/copper/shaper/iron"
        }
      },
      {
        "when": {
          "pattern": "host",
          "material": "iron"
        },
        "model": {
          "type": "minecraft:model",
          "model": "minecraft:item/hoe/copper/host/iron"
        }
      },
      {
        "when": {
          "pattern": "ward",
          "material": "iron"
        },
        "model": {
          "type": "minecraft:model",
          "model": "minecraft:item/hoe/copper/ward/iron"
        }
      },
      {
        "when": {
          "pattern": "silence",
          "material": "iron"
        },
        "model": {
          "type": "minecraft:model",
          "model": "minecraft:item/hoe/copper/silence/iron"
        }
      },
      {
        "when": {
          "pattern": "tide",
          "material": "iron"
        },
        "model": {
          "type": "minecraft:model",
          "model": "minecraft:item/hoe/copper/tide/iron"
        }
      },
      {
        "when": {
          "pattern": "snout",
          "material": "iron"
        },
        "model": {
          "type": "minecraft:model",
          "model": "minecraft:item/hoe/copper/snout/iron"
        }
      },
      {
        "when": {
          "pattern": "rib",
          "material": "iron"
        },
        "model": {
          "type": "minecraft:model",
          "model": "minecraft:item/hoe/copper/rib/iron"
        }
      },
      {
        "when": {
          "pattern": "eye",
          "material": "iron"
        },
        "model": {
          "type": "minecraft:model",
          "model": "minecraft:item/hoe/copper/eye/iron"
        }
      },
      {
        "when": {
          "pattern": "spire",
          "material": "iron"
        },
        "model": {
          "type": "minecraft:model",
          "model": "minecraft:item/hoe/copper/spire/iron"
        }
      },
      {
        "when": {
          "pattern": "bolt",
          "material": "iron"
        },
        "model": {
          "type": "minecraft:model",
          "model": "minecraft:item/hoe/copper/bolt/iron"
        }
      },
      {
        "when": {
          "pattern": "flow",
          "material": "iron"
        },
        "model": {
          "type": "minecraft:model",
          "model": "minecraft:item/hoe/copper/flow/iron"
        }
      },
      {
        "when": {
          "pattern": "sentry",
          "material": "netherite"
        },
        "model": {
          "type": "minecraft:model",
          "model": "minecraft:item/hoe/copper/sentry/netherite"
        }
      },
      {
        "when": {
          "pattern": "vex",
          "material": "netherite"
        },
        "model": {
          "type": "minecraft:model",
          "model": "minecraft:item/hoe/copper/vex/netherite"
        }
      },
      {
        "when": {
          "pattern": "wild",
          "material": "netherite"
        },
        "model": {
          "type": "minecraft:model",
          "model": "minecraft:item/hoe/copper/wild/netherite"
        }
      },
      {
        "when": {
          "pattern": "coast",
          "material": "netherite"
        },
        "model": {
          "type": "minecraft:model",
          "model": "minecraft:item/hoe/copper/coast/netherite"
        }
      },
      {
        "when": {
          "pattern": "dune",
          "material": "netherite"
        },
        "model": {
          "type": "minecraft:model",
          "model": "minecraft:item/hoe/copper/dune/netherite"
        }
      },
      {
        "when": {
          "pattern": "wayfinder",
          "material": "netherite"
        },
        "model": {
          "type": "minecraft:model",
          "model": "minecraft:item/hoe/copper/wayfinder/netherite"
        }
      },
      {
        "when": {
          "pattern": "raiser",
          "material": "netherite"
        },
        "model": {
          "type": "minecraft:model",
          "model": "minecraft:item/hoe/copper/raiser/netherite"
        }
      },
      {
        "when": {
          "pattern": "shaper",
          "material": "netherite"
        },
        "model": {
          "type": "minecraft:model",
          "model": "minecraft:item/hoe/copper/shaper/netherite"
        }
      },
      {
        "when": {
          "pattern": "host",
          "material": "netherite"
        },
        "model": {
          "type": "minecraft:model",
          "model": "minecraft:item/hoe/copper/host/netherite"
        }
      },
      {
        "when": {
          "pattern": "ward",
          "material": "netherite"
        },
        "model": {
          "type": "minecraft:model",
          "model": "minecraft:item/hoe/copper/ward/netherite"
        }
      },
      {
        "when": {
          "pattern": "silence",
          "material": "netherite"
        },
        "model": {
          "type": "minecraft:model",
          "model": "minecraft:item/hoe/copper/silence/netherite"
        }
      },
      {
        "when": {
          "pattern": "tide",
          "material": "netherite"
        },
        "model": {
          "type": "minecraft:model",
          "model": "minecraft:item/hoe/copper/tide/netherite"
        }
      },
      {
        "when": {
          "pattern": "snout",
          "material": "netherite"
        },
        "model": {
          "type": "minecraft:model",
          "model": "minecraft:item/hoe/copper/snout/netherite"
        }
      },
      {
        "when": {
          "pattern": "rib",
          "material": "netherite"
        },
        "model": {
          "type": "minecraft:model",
          "model": "minecraft:item/hoe/copper/rib/netherite"
        }
      },
      {
        "when": {
          "pattern": "eye",
          "material": "netherite"
        },
        "model": {
          "type": "minecraft:model",
          "model": "minecraft:item/hoe/copper/eye/netherite"
        }
      },
      {
        "when": {
          "pattern": "spire",
          "material": "netherite"
        },
        "model": {
          "type": "minecraft:model",
          "model": "minecraft:item/hoe/copper/spire/netherite"
        }
      },
      {
        "when": {
          "pattern": "bolt",
          "material": "netherite"
        },
        "model": {
          "type": "minecraft:model",
          "model": "minecraft:item/hoe/copper/bolt/netherite"
        }
      },
      {
        "when": {
          "pattern": "flow",
          "material": "netherite"
        },
        "model": {
          "type": "minecraft:model",
          "model": "minecraft:item/hoe/copper/flow/netherite"
        }
      },
      {
        "when": {
          "pattern": "sentry",
          "material": "resin"
        },
        "model": {
          "type": "minecraft:model",
          "model": "minecraft:item/hoe/copper/sentry/resin"
        }
      },
      {
        "when": {
          "pattern": "vex",
          "material": "resin"
        },
        "model": {
          "type": "minecraft:model",
          "model": "minecraft:item/hoe/copper/vex/resin"
        }
      },
      {
        "when": {
          "pattern": "wild",
          "material": "resin"
        },
        "model": {
          "type": "minecraft:model",
          "model": "minecraft:item/hoe/copper/wild/resin"
        }
      },
      {
        "when": {
          "pattern": "coast",
          "material": "resin"
        },
        "model": {
          "type": "minecraft:model",
          "model": "minecraft:item/hoe/copper/coast/resin"
        }
      },
      {
        "when": {
          "pattern": "dune",
          "material": "resin"
        },
        "model": {
          "type": "minecraft:model",
          "model": "minecraft:item/hoe/copper/dune/resin"
        }
      },
      {
        "when": {
          "pattern": "wayfinder",
          "material": "resin"
        },
        "model": {
          "type": "minecraft:model",
          "model": "minecraft:item/hoe/copper/wayfinder/resin"
        }
      },
      {
        "when": {
          "pattern": "raiser",
          "material": "resin"
        },
        "model": {
          "type": "minecraft:model",
          "model": "minecraft:item/hoe/copper/raiser/resin"
        }
      },
      {
        "when": {
          "pattern": "shaper",
          "material": "resin"
        },
        "model": {
          "type": "minecraft:model",
          "model": "minecraft:item/hoe/copper/shaper/resin"
        }
      },
      {
        "when": {
          "pattern": "host",
          "material": "resin"
        },
        "model": {
          "type": "minecraft:model",
          "model": "minecraft:item/hoe/copper/host/resin"
        }
      },
      {
        "when": {
          "pattern": "ward",
          "material": "resin"
        },
        "model": {
          "type": "minecraft:model",
          "model": "minecraft:item/hoe/copper/ward/resin"
        }
      },
      {
        "when": {
          "pattern": "silence",
          "material": "resin"
        },
        "model": {
          "type": "minecraft:model",
          "model": "minecraft:item/hoe/copper/silence/resin"
        }
      },
      {
        "when": {
          "pattern": "tide",
          "material": "resin"
        },
        "model": {
          "type": "minecraft:model",
          "model": "minecraft:item/hoe/copper/tide/resin"
        }
      },
      {
        "when": {
          "pattern": "snout",
          "material": "resin"
        },
        "model": {
          "type": "minecraft:model",
          "model": "minecraft:item/hoe/copper/snout/resin"
        }
      },
      {
        "when": {
          "pattern": "rib",
          "material": "resin"
        },
        "model": {
          "type": "minecraft:model",
          "model": "minecraft:item/hoe/copper/rib/resin"
        }
      },
      {
        "when": {
          "pattern": "eye",
          "material": "resin"
        },
        "model": {
          "type": "minecraft:model",
          "model": "minecraft:item/hoe/copper/eye/resin"
        }
      },
      {
        "when": {
          "pattern": "spire",
          "material": "resin"
        },
        "model": {
          "type": "minecraft:model",
          "model": "minecraft:item/hoe/copper/spire/resin"
        }
      },
      {
        "when": {
          "pattern": "bolt",
          "material": "resin"
        },
        "model": {
          "type": "minecraft:model",
          "model": "minecraft:item/hoe/copper/bolt/resin"
        }
      },
      {
        "when": {
          "pattern": "flow",
          "material": "resin"
        },
        "model": {
          "type": "minecraft:model",
          "model": "minecraft:item/hoe/copper/flow/resin"
        }
      }
    ],
    "fallback": {
      "type": "minecraft:model",
      "model": "minecraft:item/copper_hoe"
    },
    "property": "minecraft:component",
    "component": "minecraft:trim"
  }
}