{
  "model": {
    "type": "minecraft:select",
    "cases": [
      {
        "when": {
          "pattern": "sentry",
          "material": "redstone"
        },
        "model": {
          "type": "minecraft:model",
          "model": "minecraft:item/shovel/stone/sentry/redstone"
        }
      },
      {
        "when": {
          "pattern": "vex",
          "material": "redstone"
        },
        "model": {
          "type": "minecraft:model",
          "model": "minecraft:item/shovel/stone/vex/redstone"
        }
      },
      {
        "when": {
          "pattern": "wild",
          "material": "redstone"
        },
        "model": {
          "type": "minecraft:model",
          "model": "minecraft:item/shovel/stone/wild/redstone"
        }
      },
      {
        "when": {
          "pattern": "coast",
          "material": "redstone"
        },
        "model": {
          "type": "minecraft:model",
          "model": "minecraft:item/shovel/stone/coast/redstone"
        }
      },
      {
        "when": {
          "pattern": "dune",
          "material": "redstone"
        },
        "model": {
          "type": "minecraft:model",
          "model": "minecraft:item/shovel/stone/dune/redstone"
        }
      },
      {
        "when": {
          "pattern": "wayfinder",
          "material": "redstone"
        },
        "model": {
          "type": "minecraft:model",
          "model": "minecraft:item/shovel/stone/wayfinder/redstone"
        }
      },
      {
        "when": {
          "pattern": "raiser",
          "material": "redstone"
        },
        "model": {
          "type": "minecraft:model",
          "model": "minecraft:item/shovel/stone/raiser/redstone"
        }
      },
      {
        "when": {
          "pattern": "shaper",
          "material": "redstone"
        },
        "model": {
          "type": "minecraft:model",
          "model": "minecraft:item/shovel/stone/shaper/redstone"
        }
      },
      {
        "when": {
          "pattern": "host",
          "material": "redstone"
        },
        "model": {
          "type": "minecraft:model",
          "model": "minecraft:item/shovel/stone/host/redstone"
        }
      },
      {
        "when": {
          "pattern": "ward",
          "material": "redstone"
        },
        "model": {
          "type": "minecraft:model",
          "model": "minecraft:item/shovel/stone/ward/redstone"
        }
      },
      {
        "when": {
          "pattern": "silence",
          "material": "redstone"
        },
        "model": {
          "type": "minecraft:model",
          "model": "minecraft:item/shovel/stone/silence/redstone"
        }
      },
      {
        "when": {
          "pattern": "tide",
          "material": "redstone"
        },
        "model": {
          "type": "minecraft:model",
          "model": "minecraft:item/shovel/stone/tide/redstone"
        }
      },
      {
        "when": {
          "pattern": "snout",
          "material": "redstone"
        },
        "model": {
          "type": "minecraft:model",
          "model": "minecraft:item/shovel/stone/snout/redstone"
        }
      },
      {
        "when": {
          "pattern": "rib",
          "material": "redstone"
        },
        "model": {
          "type": "minecraft:model",
          "model": "minecraft:item/shovel/stone/rib/redstone"
        }
      },
      {
        "when": {
          "pattern": "eye",
          "material": "redstone"
        },
        "model": {
          "type": "minecraft:model",
          "model": "minecraft:item/shovel/stone/eye/redstone"
        }
      },
      {
        "when": {
          "pattern": "spire",
          "material": "redstone"
        },
        "model": {
          "type": "minecraft:model",
          "model": "minecraft:item/shovel/stone/spire/redstone"
        }
      },
      {
        "when": {
          "pattern": "bolt",
          "material": "redstone"
        },
        "model": {
          "type": "minecraft:model",
          "model": "minecraft:item/shovel/stone/bolt/redstone"
        }
      },
      {
        "when": {
          "pattern": "flow",
          "material": "redstone"
        },
        "model": {
          "type": "minecraft:model",
          "model": "minecraft:item/shovel/stone/flow/redstone"
        }
      },
      {
        "when": {
          "pattern": "sentry",
          "material": "copper"
        },
        "model": {
          "type": "minecraft:model",
          "model": "minecraft:item/shovel/stone/sentry/copper"
        }
      },
      {
        "when": {
          "pattern": "vex",
          "material": "copper"
        },
        "model": {
          "type": "minecraft:model",
          "model": "minecraft:item/shovel/stone/vex/copper"
        }
      },
      {
        "when": {
          "pattern": "wild",
          "material": "copper"
        },
        "model": {
          "type": "minecraft:model",
          "model": "minecraft:item/shovel/stone/wild/copper"
        }
      },
      {
        "when": {
          "pattern": "coast",
          "material": "copper"
        },
        "model": {
          "type": "minecraft:model",
          "model": "minecraft:item/shovel/stone/coast/copper"
        }
      },
      {
        "when": {
          "pattern": "dune",
          "material": "copper"
        },
        "model": {
          "type": "minecraft:model",
          "model": "minecraft:item/shovel/stone/dune/copper"
        }
      },
      {
        "when": {
          "pattern": "wayfinder",
          "material": "copper"
        },
        "model": {
          "type": "minecraft:model",
          "model": "minecraft:item/shovel/stone/wayfinder/copper"
        }
      },
      {
        "when": {
          "pattern": "raiser",
          "material": "copper"
        },
        "model": {
          "type": "minecraft:model",
          "model": "minecraft:item/shovel/stone/raiser/copper"
        }
      },
      {
        "when": {
          "pattern": "shaper",
          "material": "copper"
        },
        "model": {
          "type": "minecraft:model",
          "model": "minecraft:item/shovel/stone/shaper/copper"
        }
      },
      {
        "when": {
          "pattern": "host",
          "material": "copper"
        },
        "model": {
          "type": "minecraft:model",
          "model": "minecraft:item/shovel/stone/host/copper"
        }
      },
      {
        "when": {
          "pattern": "ward",
          "material": "copper"
        },
        "model": {
          "type": "minecraft:model",
          "model": "minecraft:item/shovel/stone/ward/copper"
        }
      },
      {
        "when": {
          "pattern": "silence",
          "material": "copper"
        },
        "model": {
          "type": "minecraft:model",
          "model": "minecraft:item/shovel/stone/silence/copper"
        }
      },
      {
        "when": {
          "pattern": "tide",
          "material": "copper"
        },
        "model": {
          "type": "minecraft:model",
          "model": "minecraft:item/shovel/stone/tide/copper"
        }
      },
      {
        "when": {
          "pattern": "snout",
          "material": "copper"
        },
        "model": {
          "type": "minecraft:model",
          "model": "minecraft:item/shovel/stone/snout/copper"
        }
      },
      {
        "when": {
          "pattern": "rib",
          "material": "copper"
        },
        "model": {
          "type": "minecraft:model",
          "model": "minecraft:item/shovel/stone/rib/copper"
        }
      },
      {
        "when": {
          "pattern": "eye",
          "material": "copper"
        },
        "model": {
          "type": "minecraft:model",
          "model": "minecraft:item/shovel/stone/eye/copper"
        }
      },
      {
        "when": {
          "pattern": "spire",
          "material": "copper"
        },
        "model": {
          "type": "minecraft:model",
          "model": "minecraft:item/shovel/stone/spire/copper"
        }
      },
      {
        "when": {
          "pattern": "bolt",
          "material": "copper"
        },
        "model": {
          "type": "minecraft:model",
          "model": "minecraft:item/shovel/stone/bolt/copper"
        }
      },
      {
        "when": {
          "pattern": "flow",
          "material": "copper"
        },
        "model": {
          "type": "minecraft:model",
          "model": "minecraft:item/shovel/stone/flow/copper"
        }
      },
      {
        "when": {
          "pattern": "sentry",
          "material": "gold"
        },
        "model": {
          "type": "minecraft:model",
          "model": "minecraft:item/shovel/stone/sentry/gold"
        }
      },
      {
        "when": {
          "pattern": "vex",
          "material": "gold"
        },
        "model": {
          "type": "minecraft:model",
          "model": "minecraft:item/shovel/stone/vex/gold"
        }
      },
      {
        "when": {
          "pattern": "wild",
          "material": "gold"
        },
        "model": {
          "type": "minecraft:model",
          "model": "minecraft:item/shovel/stone/wild/gold"
        }
      },
      {
        "when": {
          "pattern": "coast",
          "material": "gold"
        },
        "model": {
          "type": "minecraft:model",
          "model": "minecraft:item/shovel/stone/coast/gold"
        }
      },
      {
        "when": {
          "pattern": "dune",
          "material": "gold"
        },
        "model": {
          "type": "minecraft:model",
          "model": "minecraft:item/shovel/stone/dune/gold"
        }
      },
      {
        "when": {
          "pattern": "wayfinder",
          "material": "gold"
        },
        "model": {
          "type": "minecraft:model",
          "model": "minecraft:item/shovel/stone/wayfinder/gold"
        }
      },
      {
        "when": {
          "pattern": "raiser",
          "material": "gold"
        },
        "model": {
          "type": "minecraft:model",
          "model": "minecraft:item/shovel/stone/raiser/gold"
        }
      },
      {
        "when": {
          "pattern": "shaper",
          "material": "gold"
        },
        "model": {
          "type": "minecraft:model",
          "model": "minecraft:item/shovel/stone/shaper/gold"
        }
      },
      {
        "when": {
          "pattern": "host",
          "material": "gold"
        },
        "model": {
          "type": "minecraft:model",
          "model": "minecraft:item/shovel/stone/host/gold"
        }
      },
      {
        "when": {
          "pattern": "ward",
          "material": "gold"
        },
        "model": {
          "type": "minecraft:model",
          "model": "minecraft:item/shovel/stone/ward/gold"
        }
      },
      {
        "when": {
          "pattern": "silence",
          "material": "gold"
        },
        "model": {
          "type": "minecraft:model",
          "model": "minecraft:item/shovel/stone/silence/gold"
        }
      },
      {
        "when": {
          "pattern": "tide",
          "material": "gold"
        },
        "model": {
          "type": "minecraft:model",
          "model": "minecraft:item/shovel/stone/tide/gold"
        }
      },
      {
        "when": {
          "pattern": "snout",
          "material": "gold"
        },
        "model": {
          "type": "minecraft:model",
          "model": "minecraft:item/shovel/stone/snout/gold"
        }
      },
      {
        "when": {
          "pattern": "rib",
          "material": "gold"
        },
        "model": {
          "type": "minecraft:model",
          "model": "minecraft:item/shovel/stone/rib/gold"
        }
      },
      {
        "when": {
          "pattern": "eye",
          "material": "gold"
        },
        "model": {
          "type": "minecraft:model",
          "model": "minecraft:item/shovel/stone/eye/gold"
        }
      },
      {
        "when": {
          "pattern": "spire",
          "material": "gold"
        },
        "model": {
          "type": "minecraft:model",
          "model": "minecraft:item/shovel/stone/spire/gold"
        }
      },
      {
        "when": {
          "pattern": "bolt",
          "material": "gold"
        },
        "model": {
          "type": "minecraft:model",
          "model": "minecraft:item/shovel/stone/bolt/gold"
        }
      },
      {
        "when": {
          "pattern": "flow",
          "material": "gold"
        },
        "model": {
          "type": "minecraft:model",
          "model": "minecraft:item/shovel/stone/flow/gold"
        }
      },
      {
        "when": {
          "pattern": "sentry",
          "material": "emerald"
        },
        "model": {
          "type": "minecraft:model",
          "model": "minecraft:item/shovel/stone/sentry/emerald"
        }
      },
      {
        "when": {
          "pattern": "vex",
          "material": "emerald"
        },
        "model": {
          "type": "minecraft:model",
          "model": "minecraft:item/shovel/stone/vex/emerald"
        }
      },
      {
        "when": {
          "pattern": "wild",
          "material": "emerald"
        },
        "model": {
          "type": "minecraft:model",
          "model": "minecraft:item/shovel/stone/wild/emerald"
        }
      },
      {
        "when": {
          "pattern": "coast",
          "material": "emerald"
        },
        "model": {
          "type": "minecraft:model",
          "model": "minecraft:item/shovel/stone/coast/emerald"
        }
      },
      {
        "when": {
          "pattern": "dune",
          "material": "emerald"
        },
        "model": {
          "type": "minecraft:model",
          "model": "minecraft:item/shovel/stone/dune/emerald"
        }
      },
      {
        "when": {
          "pattern": "wayfinder",
          "material": "emerald"
        },
        "model": {
          "type": "minecraft:model",
          "model": "minecraft:item/shovel/stone/wayfinder/emerald"
        }
      },
      {
        "when": {
          "pattern": "raiser",
          "material": "emerald"
        },
        "model": {
          "type": "minecraft:model",
          "model": "minecraft:item/shovel/stone/raiser/emerald"
        }
      },
      {
        "when": {
          "pattern": "shaper",
          "material": "emerald"
        },
        "model": {
          "type": "minecraft:model",
          "model": "minecraft:item/shovel/stone/shaper/emerald"
        }
      },
      {
        "when": {
          "pattern": "host",
          "material": "emerald"
        },
        "model": {
          "type": "minecraft:model",
          "model": "minecraft:item/shovel/stone/host/emerald"
        }
      },
      {
        "when": {
          "pattern": "ward",
          "material": "emerald"
        },
        "model": {
          "type": "minecraft:model",
          "model": "minecraft:item/shovel/stone/ward/emerald"
        }
      },
      {
        "when": {
          "pattern": "silence",
          "material": "emerald"
        },
        "model": {
          "type": "minecraft:model",
          "model": "minecraft:item/shovel/stone/silence/emerald"
        }
      },
      {
        "when": {
          "pattern": "tide",
          "material": "emerald"
        },
        "model": {
          "type": "minecraft:model",
          "model": "minecraft:item/shovel/stone/tide/emerald"
        }
      },
      {
        "when": {
          "pattern": "snout",
          "material": "emerald"
        },
        "model": {
          "type": "minecraft:model",
          "model": "minecraft:item/shovel/stone/snout/emerald"
        }
      },
      {
        "when": {
          "pattern": "rib",
          "material": "emerald"
        },
        "model": {
          "type": "minecraft:model",
          "model": "minecraft:item/shovel/stone/rib/emerald"
        }
      },
      {
        "when": {
          "pattern": "eye",
          "material": "emerald"
        },
        "model": {
          "type": "minecraft:model",
          "model": "minecraft:item/shovel/stone/eye/emerald"
        }
      },
      {
        "when": {
          "pattern": "spire",
          "material": "emerald"
        },
        "model": {
          "type": "minecraft:model",
          "model": "minecraft:item/shovel/stone/spire/emerald"
        }
      },
      {
        "when": {
          "pattern": "bolt",
          "material": "emerald"
        },
        "model": {
          "type": "minecraft:model",
          "model": "minecraft:item/shovel/stone/bolt/emerald"
        }
      },
      {
        "when": {
          "pattern": "flow",
          "material": "emerald"
        },
        "model": {
          "type": "minecraft:model",
          "model": "minecraft:item/shovel/stone/flow/emerald"
        }
      },
      {
        "when": {
          "pattern": "sentry",
          "material": "diamond"
        },
        "model": {
          "type": "minecraft:model",
          "model": "minecraft:item/shovel/stone/sentry/diamond"
        }
      },
      {
        "when": {
          "pattern": "vex",
          "material": "diamond"
        },
        "model": {
          "type": "minecraft:model",
          "model": "minecraft:item/shovel/stone/vex/diamond"
        }
      },
      {
        "when": {
          "pattern": "wild",
          "material": "diamond"
        },
        "model": {
          "type": "minecraft:model",
          "model": "minecraft:item/shovel/stone/wild/diamond"
        }
      },
      {
        "when": {
          "pattern": "coast",
          "material": "diamond"
        },
        "model": {
          "type": "minecraft:model",
          "model": "minecraft:item/shovel/stone/coast/diamond"
        }
      },
      {
        "when": {
          "pattern": "dune",
          "material": "diamond"
        },
        "model": {
          "type": "minecraft:model",
          "model": "minecraft:item/shovel/stone/dune/diamond"
        }
      },
      {
        "when": {
          "pattern": "wayfinder",
          "material": "diamond"
        },
        "model": {
          "type": "minecraft:model",
          "model": "minecraft:item/shovel/stone/wayfinder/diamond"
        }
      },
      {
        "when": {
          "pattern": "raiser",
          "material": "diamond"
        },
        "model": {
          "type": "minecraft:model",
          "model": "minecraft:item/shovel/stone/raiser/diamond"
        }
      },
      {
        "when": {
          "pattern": "shaper",
          "material": "diamond"
        },
        "model": {
          "type": "minecraft:model",
          "model": "minecraft:item/shovel/stone/shaper/diamond"
        }
      },
      {
        "when": {
          "pattern": "host",
          "material": "diamond"
        },
        "model": {
          "type": "minecraft:model",
          "model": "minecraft:item/shovel/stone/host/diamond"
        }
      },
      {
        "when": {
          "pattern": "ward",
          "material": "diamond"
        },
        "model": {
          "type": "minecraft:model",
          "model": "minecraft:item/shovel/stone/ward/diamond"
        }
      },
      {
        "when": {
          "pattern": "silence",
          "material": "diamond"
        },
        "model": {
          "type": "minecraft:model",
          "model": "minecraft:item/shovel/stone/silence/diamond"
        }
      },
      {
        "when": {
          "pattern": "tide",
          "material": "diamond"
        },
        "model": {
          "type": "minecraft:model",
          "model": "minecraft:item/shovel/stone/tide/diamond"
        }
      },
      {
        "when": {
          "pattern": "snout",
          "material": "diamond"
        },
        "model": {
          "type": "minecraft:model",
          "model": "minecraft:item/shovel/stone/snout/diamond"
        }
      },
      {
        "when": {
          "pattern": "rib",
          "material": "diamond"
        },
        "model": {
          "type": "minecraft:model",
          "model": "minecraft:item/shovel/stone/rib/diamond"
        }
      },
      {
        "when": {
          "pattern": "eye",
          "material": "diamond"
        },
        "model": {
          "type": "minecraft:model",
          "model": "minecraft:item/shovel/stone/eye/diamond"
        }
      },
      {
        "when": {
          "pattern": "spire",
          "material": "diamond"
        },
        "model": {
          "type": "minecraft:model",
          "model": "minecraft:item/shovel/stone/spire/diamond"
        }
      },
      {
        "when": {
          "pattern": "bolt",
          "material": "diamond"
        },
        "model": {
          "type": "minecraft:model",
          "model": "minecraft:item/shovel/stone/bolt/diamond"
        }
      },
      {
        "when": {
          "pattern": "flow",
          "material": "diamond"
        },
        "model": {
          "type": "minecraft:model",
          "model": "minecraft:item/shovel/stone/flow/diamond"
        }
      },
      {
        "when": {
          "pattern": "sentry",
          "material": "lapis"
        },
        "model": {
          "type": "minecraft:model",
          "model": "minecraft:item/shovel/stone/sentry/lapis"
        }
      },
      {
        "when": {
          "pattern": "vex",
          "material": "lapis"
        },
        "model": {
          "type": "minecraft:model",
          "model": "minecraft:item/shovel/stone/vex/lapis"
        }
      },
      {
        "when": {
          "pattern": "wild",
          "material": "lapis"
        },
        "model": {
          "type": "minecraft:model",
          "model": "minecraft:item/shovel/stone/wild/lapis"
        }
      },
      {
        "when": {
          "pattern": "coast",
          "material": "lapis"
        },
        "model": {
          "type": "minecraft:model",
          "model": "minecraft:item/shovel/stone/coast/lapis"
        }
      },
      {
        "when": {
          "pattern": "dune",
          "material": "lapis"
        },
        "model": {
          "type": "minecraft:model",
          "model": "minecraft:item/shovel/stone/dune/lapis"
        }
      },
      {
        "when": {
          "pattern": "wayfinder",
          "material": "lapis"
        },
        "model": {
          "type": "minecraft:model",
          "model": "minecraft:item/shovel/stone/wayfinder/lapis"
        }
      },
      {
        "when": {
          "pattern": "raiser",
          "material": "lapis"
        },
        "model": {
          "type": "minecraft:model",
          "model": "minecraft:item/shovel/stone/raiser/lapis"
        }
      },
      {
        "when": {
          "pattern": "shaper",
          "material": "lapis"
        },
        "model": {
          "type": "minecraft:model",
          "model": "minecraft:item/shovel/stone/shaper/lapis"
        }
      },
      {
        "when": {
          "pattern": "host",
          "material": "lapis"
        },
        "model": {
          "type": "minecraft:model",
          "model": "minecraft:item/shovel/stone/host/lapis"
        }
      },
      {
        "when": {
          "pattern": "ward",
          "material": "lapis"
        },
        "model": {
          "type": "minecraft:model",
          "model": "minecraft:item/shovel/stone/ward/lapis"
        }
      },
      {
        "when": {
          "pattern": "silence",
          "material": "lapis"
        },
        "model": {
          "type": "minecraft:model",
          "model": "minecraft:item/shovel/stone/silence/lapis"
        }
      },
      {
        "when": {
          "pattern": "tide",
          "material": "lapis"
        },
        "model": {
          "type": "minecraft:model",
          "model": "minecraft:item/shovel/stone/tide/lapis"
        }
      },
      {
        "when": {
          "pattern": "snout",
          "material": "lapis"
        },
        "model": {
          "type": "minecraft:model",
          "model": "minecraft:item/shovel/stone/snout/lapis"
        }
      },
      {
        "when": {
          "pattern": "rib",
          "material": "lapis"
        },
        "model": {
          "type": "minecraft:model",
          "model": "minecraft:item/shovel/stone/rib/lapis"
        }
      },
      {
        "when": {
          "pattern": "eye",
          "material": "lapis"
        },
        "model": {
          "type": "minecraft:model",
          "model": "minecraft:item/shovel/stone/eye/lapis"
        }
      },
      {
        "when": {
          "pattern": "spire",
          "material": "lapis"
        },
        "model": {
          "type": "minecraft:model",
          "model": "minecraft:item/shovel/stone/spire/lapis"
        }
      },
      {
        "when": {
          "pattern": "bolt",
          "material": "lapis"
        },
        "model": {
          "type": "minecraft:model",
          "model": "minecraft:item/shovel/stone/bolt/lapis"
        }
      },
      {
        "when": {
          "pattern": "flow",
          "material": "lapis"
        },
        "model": {
          "type": "minecraft:model",
          "model": "minecraft:item/shovel/stone/flow/lapis"
        }
      },
      {
        "when": {
          "pattern": "sentry",
          "material": "amethyst"
        },
        "model": {
          "type": "minecraft:model",
          "model": "minecraft:item/shovel/stone/sentry/amethyst"
        }
      },
      {
        "when": {
          "pattern": "vex",
          "material": "amethyst"
        },
        "model": {
          "type": "minecraft:model",
          "model": "minecraft:item/shovel/stone/vex/amethyst"
        }
      },
      {
        "when": {
          "pattern": "wild",
          "material": "amethyst"
        },
        "model": {
          "type": "minecraft:model",
          "model": "minecraft:item/shovel/stone/wild/amethyst"
        }
      },
      {
        "when": {
          "pattern": "coast",
          "material": "amethyst"
        },
        "model": {
          "type": "minecraft:model",
          "model": "minecraft:item/shovel/stone/coast/amethyst"
        }
      },
      {
        "when": {
          "pattern": "dune",
          "material": "amethyst"
        },
        "model": {
          "type": "minecraft:model",
          "model": "minecraft:item/shovel/stone/dune/amethyst"
        }
      },
      {
        "when": {
          "pattern": "wayfinder",
          "material": "amethyst"
        },
        "model": {
          "type": "minecraft:model",
          "model": "minecraft:item/shovel/stone/wayfinder/amethyst"
        }
      },
      {
        "when": {
          "pattern": "raiser",
          "material": "amethyst"
        },
        "model": {
          "type": "minecraft:model",
          "model": "minecraft:item/shovel/stone/raiser/amethyst"
        }
      },
      {
        "when": {
          "pattern": "shaper",
          "material": "amethyst"
        },
        "model": {
          "type": "minecraft:model",
          "model": "minecraft:item/shovel/stone/shaper/amethyst"
        }
      },
      {
        "when": {
          "pattern": "host",
          "material": "amethyst"
        },
        "model": {
          "type": "minecraft:model",
          "model": "minecraft:item/shovel/stone/host/amethyst"
        }
      },
      {
        "when": {
          "pattern": "ward",
          "material": "amethyst"
        },
        "model": {
          "type": "minecraft:model",
          "model": "minecraft:item/shovel/stone/ward/amethyst"
        }
      },
      {
        "when": {
          "pattern": "silence",
          "material": "amethyst"
        },
        "model": {
          "type": "minecraft:model",
          "model": "minecraft:item/shovel/stone/silence/amethyst"
        }
      },
      {
        "when": {
          "pattern": "tide",
          "material": "amethyst"
        },
        "model": {
          "type": "minecraft:model",
          "model": "minecraft:item/shovel/stone/tide/amethyst"
        }
      },
      {
        "when": {
          "pattern": "snout",
          "material": "amethyst"
        },
        "model": {
          "type": "minecraft:model",
          "model": "minecraft:item/shovel/stone/snout/amethyst"
        }
      },
      {
        "when": {
          "pattern": "rib",
          "material": "amethyst"
        },
        "model": {
          "type": "minecraft:model",
          "model": "minecraft:item/shovel/stone/rib/amethyst"
        }
      },
      {
        "when": {
          "pattern": "eye",
          "material": "amethyst"
        },
        "model": {
          "type": "minecraft:model",
          "model": "minecraft:item/shovel/stone/eye/amethyst"
        }
      },
      {
        "when": {
          "pattern": "spire",
          "material": "amethyst"
        },
        "model": {
          "type": "minecraft:model",
          "model": "minecraft:item/shovel/stone/spire/amethyst"
        }
      },
      {
        "when": {
          "pattern": "bolt",
          "material": "amethyst"
        },
        "model": {
          "type": "minecraft:model",
          "model": "minecraft:item/shovel/stone/bolt/amethyst"
        }
      },
      {
        "when": {
          "pattern": "flow",
          "material": "amethyst"
        },
        "model": {
          "type": "minecraft:model",
          "model": "minecraft:item/shovel/stone/flow/amethyst"
        }
      },
      {
        "when": {
          "pattern": "sentry",
          "material": "quartz"
        },
        "model": {
          "type": "minecraft:model",
          "model": "minecraft:item/shovel/stone/sentry/quartz"
        }
      },
      {
        "when": {
          "pattern": "vex",
          "material": "quartz"
        },
        "model": {
          "type": "minecraft:model",
          "model": "minecraft:item/shovel/stone/vex/quartz"
        }
      },
      {
        "when": {
          "pattern": "wild",
          "material": "quartz"
        },
        "model": {
          "type": "minecraft:model",
          "model": "minecraft:item/shovel/stone/wild/quartz"
        }
      },
      {
        "when": {
          "pattern": "coast",
          "material": "quartz"
        },
        "model": {
          "type": "minecraft:model",
          "model": "minecraft:item/shovel/stone/coast/quartz"
        }
      },
      {
        "when": {
          "pattern": "dune",
          "material": "quartz"
        },
        "model": {
          "type": "minecraft:model",
          "model": "minecraft:item/shovel/stone/dune/quartz"
        }
      },
      {
        "when": {
          "pattern": "wayfinder",
          "material": "quartz"
        },
        "model": {
          "type": "minecraft:model",
          "model": "minecraft:item/shovel/stone/wayfinder/quartz"
        }
      },
      {
        "when": {
          "pattern": "raiser",
          "material": "quartz"
        },
        "model": {
          "type": "minecraft:model",
          "model": "minecraft:item/shovel/stone/raiser/quartz"
        }
      },
      {
        "when": {
          "pattern": "shaper",
          "material": "quartz"
        },
        "model": {
          "type": "minecraft:model",
          "model": "minecraft:item/shovel/stone/shaper/quartz"
        }
      },
      {
        "when": {
          "pattern": "host",
          "material": "quartz"
        },
        "model": {
          "type": "minecraft:model",
          "model": "minecraft:item/shovel/stone/host/quartz"
        }
      },
      {
        "when": {
          "pattern": "ward",
          "material": "quartz"
        },
        "model": {
          "type": "minecraft:model",
          "model": "minecraft:item/shovel/stone/ward/quartz"
        }
      },
      {
        "when": {
          "pattern": "silence",
          "material": "quartz"
        },
        "model": {
          "type": "minecraft:model",
          "model": "minecraft:item/shovel/stone/silence/quartz"
        }
      },
      {
        "when": {
          "pattern": "tide",
          "material": "quartz"
        },
        "model": {
          "type": "minecraft:model",
          "model": "minecraft:item/shovel/stone/tide/quartz"
        }
      },
      {
        "when": {
          "pattern": "snout",
          "material": "quartz"
        },
        "model": {
          "type": "minecraft:model",
          "model": "minecraft:item/shovel/stone/snout/quartz"
        }
      },
      {
        "when": {
          "pattern": "rib",
          "material": "quartz"
        },
        "model": {
          "type": "minecraft:model",
          "model": "minecraft:item/shovel/stone/rib/quartz"
        }
      },
      {
        "when": {
          "pattern": "eye",
          "material": "quartz"
        },
        "model": {
          "type": "minecraft:model",
          "model": "minecraft:item/shovel/stone/eye/quartz"
        }
      },
      {
        "when": {
          "pattern": "spire",
          "material": "quartz"
        },
        "model": {
          "type": "minecraft:model",
          "model": "minecraft:item/shovel/stone/spire/quartz"
        }
      },
      {
        "when": {
          "pattern": "bolt",
          "material": "quartz"
        },
        "model": {
          "type": "minecraft:model",
          "model": "minecraft:item/shovel/stone/bolt/quartz"
        }
      },
      {
        "when": {
          "pattern": "flow",
          "material": "quartz"
        },
        "model": {
          "type": "minecraft:model",
          "model": "minecraft:item/shovel/stone/flow/quartz"
        }
      },
      {
        "when": {
          "pattern": "sentry",
          "material": "iron"
        },
        "model": {
          "type": "minecraft:model",
          "model": "minecraft:item/shovel/stone/sentry/iron"
        }
      },
      {
        "when": {
          "pattern": "vex",
          "material": "iron"
        },
        "model": {
          "type": "minecraft:model",
          "model": "minecraft:item/shovel/stone/vex/iron"
        }
      },
      {
        "when": {
          "pattern": "wild",
          "material": "iron"
        },
        "model": {
          "type": "minecraft:model",
          "model": "minecraft:item/shovel/stone/wild/iron"
        }
      },
      {
        "when": {
          "pattern": "coast",
          "material": "iron"
        },
        "model": {
          "type": "minecraft:model",
          "model": "minecraft:item/shovel/stone/coast/iron"
        }
      },
      {
        "when": {
          "pattern": "dune",
          "material": "iron"
        },
        "model": {
          "type": "minecraft:model",
          "model": "minecraft:item/shovel/stone/dune/iron"
        }
      },
      {
        "when": {
          "pattern": "wayfinder",
          "material": "iron"
        },
        "model": {
          "type": "minecraft:model",
          "model": "minecraft:item/shovel/stone/wayfinder/iron"
        }
      },
      {
        "when": {
          "pattern": "raiser",
          "material": "iron"
        },
        "model": {
          "type": "minecraft:model",
          "model": "minecraft:item/shovel/stone/raiser/iron"
        }
      },
      {
        "when": {
          "pattern": "shaper",
          "material": "iron"
        },
        "model": {
          "type": "minecraft:model",
          "model": "minecraft:item/shovel/stone/shaper/iron"
        }
      },
      {
        "when": {
          "pattern": "host",
          "material": "iron"
        },
        "model": {
          "type": "minecraft:model",
          "model": "minecraft:item/shovel/stone/host/iron"
        }
      },
      {
        "when": {
          "pattern": "ward",
          "material": "iron"
        },
        "model": {
          "type": "minecraft:model",
          "model": "minecraft:item/shovel/stone/ward/iron"
        }
      },
      {
        "when": {
          "pattern": "silence",
          "material": "iron"
        },
        "model": {
          "type": "minecraft:model",
          "model": "minecraft:item/shovel/stone/silence/iron"
        }
      },
      {
        "when": {
          "pattern": "tide",
          "material": "iron"
        },
        "model": {
          "type": "minecraft:model",
          "model": "minecraft:item/shovel/stone/tide/iron"
        }
      },
      {
        "when": {
          "pattern": "snout",
          "material": "iron"
        },
        "model": {
          "type": "minecraft:model",
          "model": "minecraft:item/shovel/stone/snout/iron"
        }
      },
      {
        "when": {
          "pattern": "rib",
          "material": "iron"
        },
        "model": {
          "type": "minecraft:model",
          "model": "minecraft:item/shovel/stone/rib/iron"
        }
      },
      {
        "when": {
          "pattern": "eye",
          "material": "iron"
        },
        "model": {
          "type": "minecraft:model",
          "model": "minecraft:item/shovel/stone/eye/iron"
        }
      },
      {
        "when": {
          "pattern": "spire",
          "material": "iron"
        },
        "model": {
          "type": "minecraft:model",
          "model": "minecraft:item/shovel/stone/spire/iron"
        }
      },
      {
        "when": {
          "pattern": "bolt",
          "material": "iron"
        },
        "model": {
          "type": "minecraft:model",
          "model": "minecraft:item/shovel/stone/bolt/iron"
        }
      },
      {
        "when": {
          "pattern": "flow",
          "material": "iron"
        },
        "model": {
          "type": "minecraft:model",
          "model": "minecraft:item/shovel/stone/flow/iron"
        }
      },
      {
        "when": {
          "pattern": "sentry",
          "material": "netherite"
        },
        "model": {
          "type": "minecraft:model",
          "model": "minecraft:item/shovel/stone/sentry/netherite"
        }
      },
      {
        "when": {
          "pattern": "vex",
          "material": "netherite"
        },
        "model": {
          "type": "minecraft:model",
          "model": "minecraft:item/shovel/stone/vex/netherite"
        }
      },
      {
        "when": {
          "pattern": "wild",
          "material": "netherite"
        },
        "model": {
          "type": "minecraft:model",
          "model": "minecraft:item/shovel/stone/wild/netherite"
        }
      },
      {
        "when": {
          "pattern": "coast",
          "material": "netherite"
        },
        "model": {
          "type": "minecraft:model",
          "model": "minecraft:item/shovel/stone/coast/netherite"
        }
      },
      {
        "when": {
          "pattern": "dune",
          "material": "netherite"
        },
        "model": {
          "type": "minecraft:model",
          "model": "minecraft:item/shovel/stone/dune/netherite"
        }
      },
      {
        "when": {
          "pattern": "wayfinder",
          "material": "netherite"
        },
        "model": {
          "type": "minecraft:model",
          "model": "minecraft:item/shovel/stone/wayfinder/netherite"
        }
      },
      {
        "when": {
          "pattern": "raiser",
          "material": "netherite"
        },
        "model": {
          "type": "minecraft:model",
          "model": "minecraft:item/shovel/stone/raiser/netherite"
        }
      },
      {
        "when": {
          "pattern": "shaper",
          "material": "netherite"
        },
        "model": {
          "type": "minecraft:model",
          "model": "minecraft:item/shovel/stone/shaper/netherite"
        }
      },
      {
        "when": {
          "pattern": "host",
          "material": "netherite"
        },
        "model": {
          "type": "minecraft:model",
          "model": "minecraft:item/shovel/stone/host/netherite"
        }
      },
      {
        "when": {
          "pattern": "ward",
          "material": "netherite"
        },
        "model": {
          "type": "minecraft:model",
          "model": "minecraft:item/shovel/stone/ward/netherite"
        }
      },
      {
        "when": {
          "pattern": "silence",
          "material": "netherite"
        },
        "model": {
          "type": "minecraft:model",
          "model": "minecraft:item/shovel/stone/silence/netherite"
        }
      },
      {
        "when": {
          "pattern": "tide",
          "material": "netherite"
        },
        "model": {
          "type": "minecraft:model",
          "model": "minecraft:item/shovel/stone/tide/netherite"
        }
      },
      {
        "when": {
          "pattern": "snout",
          "material": "netherite"
        },
        "model": {
          "type": "minecraft:model",
          "model": "minecraft:item/shovel/stone/snout/netherite"
        }
      },
      {
        "when": {
          "pattern": "rib",
          "material": "netherite"
        },
        "model": {
          "type": "minecraft:model",
          "model": "minecraft:item/shovel/stone/rib/netherite"
        }
      },
      {
        "when": {
          "pattern": "eye",
          "material": "netherite"
        },
        "model": {
          "type": "minecraft:model",
          "model": "minecraft:item/shovel/stone/eye/netherite"
        }
      },
      {
        "when": {
          "pattern": "spire",
          "material": "netherite"
        },
        "model": {
          "type": "minecraft:model",
          "model": "minecraft:item/shovel/stone/spire/netherite"
        }
      },
      {
        "when": {
          "pattern": "bolt",
          "material": "netherite"
        },
        "model": {
          "type": "minecraft:model",
          "model": "minecraft:item/shovel/stone/bolt/netherite"
        }
      },
      {
        "when": {
          "pattern": "flow",
          "material": "netherite"
        },
        "model": {
          "type": "minecraft:model",
          "model": "minecraft:item/shovel/stone/flow/netherite"
        }
      },
      {
        "when": {
          "pattern": "sentry",
          "material": "resin"
        },
        "model": {
          "type": "minecraft:model",
          "model": "minecraft:item/shovel/stone/sentry/resin"
        }
      },
      {
        "when": {
          "pattern": "vex",
          "material": "resin"
        },
        "model": {
          "type": "minecraft:model",
          "model": "minecraft:item/shovel/stone/vex/resin"
        }
      },
      {
        "when": {
          "pattern": "wild",
          "material": "resin"
        },
        "model": {
          "type": "minecraft:model",
          "model": "minecraft:item/shovel/stone/wild/resin"
        }
      },
      {
        "when": {
          "pattern": "coast",
          "material": "resin"
        },
        "model": {
          "type": "minecraft:model",
          "model": "minecraft:item/shovel/stone/coast/resin"
        }
      },
      {
        "when": {
          "pattern": "dune",
          "material": "resin"
        },
        "model": {
          "type": "minecraft:model",
          "model": "minecraft:item/shovel/stone/dune/resin"
        }
      },
      {
        "when": {
          "pattern": "wayfinder",
          "material": "resin"
        },
        "model": {
          "type": "minecraft:model",
          "model": "minecraft:item/shovel/stone/wayfinder/resin"
        }
      },
      {
        "when": {
          "pattern": "raiser",
          "material": "resin"
        },
        "model": {
          "type": "minecraft:model",
          "model": "minecraft:item/shovel/stone/raiser/resin"
        }
      },
      {
        "when": {
          "pattern": "shaper",
          "material": "resin"
        },
        "model": {
          "type": "minecraft:model",
          "model": "minecraft:item/shovel/stone/shaper/resin"
        }
      },
      {
        "when": {
          "pattern": "host",
          "material": "resin"
        },
        "model": {
          "type": "minecraft:model",
          "model": "minecraft:item/shovel/stone/host/resin"
        }
      },
      {
        "when": {
          "pattern": "ward",
          "material": "resin"
        },
        "model": {
          "type": "minecraft:model",
          "model": "minecraft:item/shovel/stone/ward/resin"
        }
      },
      {
        "when": {
          "pattern": "silence",
          "material": "resin"
        },
        "model": {
          "type": "minecraft:model",
          "model": "minecraft:item/shovel/stone/silence/resin"
        }
      },
      {
        "when": {
          "pattern": "tide",
          "material": "resin"
        },
        "model": {
          "type": "minecraft:model",
          "model": "minecraft:item/shovel/stone/tide/resin"
        }
      },
      {
        "when": {
          "pattern": "snout",
          "material": "resin"
        },
        "model": {
          "type": "minecraft:model",
          "model": "minecraft:item/shovel/stone/snout/resin"
        }
      },
      {
        "when": {
          "pattern": "rib",
          "material": "resin"
        },
        "model": {
          "type": "minecraft:model",
          "model": "minecraft:item/shovel/stone/rib/resin"
        }
      },
      {
        "when": {
          "pattern": "eye",
          "material": "resin"
        },
        "model": {
          "type": "minecraft:model",
          "model": "minecraft:item/shovel/stone/eye/resin"
        }
      },
      {
        "when": {
          "pattern": "spire",
          "material": "resin"
        },
        "model": {
          "type": "minecraft:model",
          "model": "minecraft:item/shovel/stone/spire/resin"
        }
      },
      {
        "when": {
          "pattern": "bolt",
          "material": "resin"
        },
        "model": {
          "type": "minecraft:model",
          "model": "minecraft:item/shovel/stone/bolt/resin"
        }
      },
      {
        "when": {
          "pattern": "flow",
          "material": "resin"
        },
        "model": {
          "type": "minecraft:model",
          "model": "minecraft:item/shovel/stone/flow/resin"
        }
      }
    ],
    "fallback": {
      "type": "minecraft:model",
      "model": "minecraft:item/stone_shovel"
    },
    "property": "minecraft:component",
    "component": "minecraft:trim"
  }
}