{
	"providers": [
		{"type": "bitmap","file": "life_steal:font/category/misc.png","ascent": 1,"height": 131,"chars": ["ဣ"]},
		{"type": "bitmap","file": "life_steal:font/high_res/heart.png","ascent": 7,"height": 16,"chars": ["耡"]},
		{"type": "bitmap","file": "life_steal:font/high_res/revive_beacon.png","ascent": 7,"height": 16,"chars": ["耣"]},
		{"type": "bitmap","file": "life_steal:font/high_res/nautilus_shell.png","ascent": 7,"height": 16,"chars": ["耦"]},
		{"type": "bitmap","file": "life_steal:font/high_res/netherite_ingot.png","ascent": 7,"height": 16,"chars": ["耧"]},
		{"type": "bitmap","file": "life_steal:font/high_res/ominous_trial_key.png","ascent": 7,"height": 16,"chars": ["耨"]},
		{"type": "bitmap","file": "life_steal:font/high_res/dragon_head.png","ascent": 7,"height": 16,"chars": ["耰"]},
		{"type": "bitmap","file": "life_steal:font/high_res/wither_skeleton_skull.png","ascent": 7,"height": 16,"chars": ["耴"]},
		{"type": "bitmap","file": "life_steal:font/high_res/beacon.png","ascent": 7,"height": 16,"chars": ["耶"]},
		{"type": "bitmap","file": "life_steal:font/high_res/elytra.png","ascent": 7,"height": 16,"chars": ["耷"]},
		{"type": "bitmap","file": "life_steal:font/high_res/recovery_compass.png","ascent": 7,"height": 16,"chars": ["耸"]},
		{"type": "bitmap","file": "life_steal:font/high_res/heavy_core.png","ascent": 7,"height": 16,"chars": ["耹"]},
		{"type": "bitmap","file": "life_steal:font/high_res/conduit.png","ascent": 7,"height": 16,"chars": ["耺"]},
		{"type": "bitmap","file": "life_steal:font/high_res/skeleton_skull.png","ascent": 7,"height": 16,"chars": ["耻"]},
		{"type": "bitmap","file": "life_steal:font/category/categories_page.png","ascent": 1,"height": 131,"chars": ["အ"]},
		{"type": "bitmap","file": "life_steal:font/page/_logo.png","ascent": 0,"height": 40,"chars": ["ဠ"]},
		{"type": "bitmap","file": "life_steal:font/none.png","ascent": 8,"height": 20,"chars": [" "]},
		{"type": "bitmap","file": "life_steal:font/none.png","ascent": 8,"height": 18,"chars": ["!"]},
		{"type": "bitmap","file": "life_steal:font/none.png","ascent": 7,"height": 7,"chars": ["\""]},
		{"type": "bitmap","file": "life_steal:font/none.png","ascent": 0,"height": 2,"chars": ["#"]},
		{"type": "bitmap","file": "life_steal:font/none.png","ascent": 0,"height": 1,"chars": ["$"]},
		{"type": "bitmap","file": "life_steal:font/none.png","ascent": 7,"height": 16,"chars": ["0"]},
		{"type": "bitmap","file": "life_steal:font/invisible_item.png","ascent": 7,"height": 16,"chars": ["U"]},
		{"type": "bitmap","file": "life_steal:font/wiki_information.png","ascent": 8,"height": 16,"chars": ["1"]},
		{"type": "bitmap","file": "life_steal:font/wiki_result_of_craft.png","ascent": 8,"height": 16,"chars": ["2"]},
		{"type": "bitmap","file": "life_steal:font/wiki_ingredient_of_craft.png","ascent": 8,"height": 16,"chars": ["3"]},
		{"type": "bitmap","file": "life_steal:font/shaped_3x3.png","ascent": 1,"height": 58,"chars": ["6"]},
		{"type": "bitmap","file": "life_steal:font/shaped_2x2.png","ascent": 1,"height": 58,"chars": ["5"]},
		{"type": "bitmap","file": "life_steal:font/furnace.png","ascent": 1,"height": 58,"chars": ["7"]},
		{"type": "bitmap","file": "life_steal:font/stonecutting.png","ascent": 4,"height": 58,"chars": ["8"]},
		{"type": "bitmap","file": "life_steal:font/pulverizing.png","ascent": 4,"height": 58,"chars": ["9"]},
		{"type": "bitmap","file": "life_steal:font/mining.png","ascent": 4,"height": 58,"chars": ["@"]},
		{"type": "bitmap","file": "life_steal:font/shaped_3x3.png","ascent": -4,"height": 58,"chars": ["F"]},
		{"type": "bitmap","file": "life_steal:font/shaped_2x2.png","ascent": -2,"height": 58,"chars": ["E"]},
		{"type": "bitmap","file": "life_steal:font/furnace.png","ascent": -3,"height": 58,"chars": ["G"]},
		{"type": "bitmap","file": "life_steal:font/stonecutting.png","ascent": -3,"height": 58,"chars": ["H"]},
		{"type": "bitmap","file": "life_steal:font/pulverizing.png","ascent": -3,"height": 58,"chars": ["I"]},
		{"type": "bitmap","file": "life_steal:font/mining.png","ascent": -3,"height": 58,"chars": ["P"]},
		{"type": "bitmap","file": "life_steal:font/book.png","ascent": 25,"height": 300,"chars": ["V"]}
	]
}
